<?xml version="1.0" encoding="UTF-8"?>
<includes>
	<include name="view_Guide">
		<param name="ChannelWidth" default="300"/>
		<param name="Height" default="720"/>
		<param name="ID" default="50"/>
		<param name="ItemHeight" default="90"/>
		<param name="ItemLayoutLeft" default="300"/>
		<param name="ItemTextureHeight" default="88"/>
		<param name="ItemTextureWidth" default="58"/>
		<param name="ItemWidth" default="60"/>
		<param name="Left" default="128"/>
		<param name="OnLeft" default="7000"/>
		<param name="OnUp" default="50"/>
		<param name="RulerHeight" default="90"/>
		<param name="RulerWidth" default="1400"/>
		<param name="TimeBlocks" default="34"/>
		<param name="Top" default="108"/>
		<param name="Width" default="1820"/>
		<definition>
			<control type="group">
				<left>$PARAM[Left]</left>
				<top>$PARAM[Top]</top>
				
				<!-- Frame -->
				<control type="image">
					<top>80</top>
					<left>$PARAM[ItemLayoutLeft]</left>
					<width>1547</width>
					<height>650</height>
					<texture colordiffuse="ff000000">colorize/20.png</texture>
				</control>

				<!-- Container -->
				<control type="epggrid" id="10">
					<viewtype label="$PARAM[ViewTypeLabel]">list</viewtype>
					<height>$PARAM[Height]</height>
					<onup>10</onup>
					<ondown>10</ondown>
					<onleft>7000</onleft>
					<onright>noop</onright>
					<progresstexture border="11,91,11,11">pvr/progress.png</progresstexture>
					<rulerunit>6</rulerunit>
					<timeblocks>$PARAM[TimeBlocks]</timeblocks>
					<width>$PARAM[Width]</width>
					<include condition="String.IsEqual(Skin.String(epg.scrollspeed),instant)">epgscroll_Instant</include>
					<include condition="String.IsEqual(Skin.String(epg.scrollspeed),fast)">epgscroll_Fast</include>

					<!-- Ruler layout -->
					<rulerdatelayout width="1700" height="$PARAM[RulerHeight]">
						<control type="label">
							<width>$PARAM[RulerWidth]</width>
							<height>$PARAM[RulerHeight]</height>
							<font>Regular-20</font>
							<label>$INFO[ListItem.Label]</label>
							<textcolor>$VAR[color:Accent]</textcolor>
							<align>center</align>
							<aligny>center</aligny>
							<visible>String.Contains(ListItem.Label,:)</visible>
						</control>
					</rulerdatelayout>
					<rulerlayout width="$PARAM[RulerWidth]" height="$PARAM[RulerHeight]">
						<control type="label">
							<width>$PARAM[RulerWidth]</width>
							<height>$PARAM[RulerHeight]</height>
							<font>Regular-20</font>
							<label>$INFO[ListItem.Label]</label>
							<textoffsetx>10</textoffsetx>
							<textcolor>$VAR[color:Accent]</textcolor>
							<visible>String.Contains(ListItem.Label,:)</visible>
						</control>
					</rulerlayout>

					<!-- Channel layout -->
					<channellayout width="$PARAM[ChannelWidth]" height="$PARAM[ItemHeight]">
						<control type="label">
							<left>9</left>
							<width>72</width>
							<font>Symbols-32</font>
							<height>$PARAM[ItemHeight]</height>
							<label>&#57361;</label>
							<align>center</align>
							<aligny>center</aligny>
							<textcolor>$VAR[color:Text.3]</textcolor>
							<selectedcolor>$VAR[color:Accent]</selectedcolor>
							<visible>String.IsEmpty(ListItem.Icon)</visible>
						</control>
						<control type="image">
							<left>9</left>
							<top>9</top>
							<width>72</width>
							<height>72</height>
							<aspectratio>keep</aspectratio>
							<texture>$INFO[ListItem.Icon]</texture>
						</control>
						<control type="label">
							<left>100</left>
							<width>186</width>
							<height>$PARAM[ItemHeight]</height>
							<font>Black-22</font>
							<textcolor>$VAR[color:Accent]</textcolor>
							<selectedcolor>$VAR[color:Accent]</selectedcolor>
							<label>$INFO[ListItem.ChannelNumberLabel,, ]$INFO[ListItem.ChannelName]</label>
						</control>
					</channellayout>
					<focusedchannellayout width="$PARAM[ChannelWidth]" height="$PARAM[ItemHeight]">
						<control type="image">
							<width>$PARAM[ChannelWidth]</width>
							<height>90</height>
							<texture colordiffuse="ff000000">colorize/20.png</texture>
						</control>
						<control type="label">
							<left>9</left>
							<width>72</width>
							<font>Symbols-32</font>
							<height>$PARAM[ItemHeight]</height>
							<label>&#57361;</label>
							<align>center</align>
							<aligny>center</aligny>
							<textcolor>$VAR[color:Text.3]</textcolor>
							<selectedcolor>$VAR[color:Accent]</selectedcolor>
							<visible>String.IsEmpty(ListItem.Icon)</visible>
						</control>
						<control type="image">
							<left>9</left>
							<top>9</top>
							<width>72</width>
							<height>72</height>
							<aspectratio>keep</aspectratio>
							<texture>$INFO[ListItem.Icon]</texture>
						</control>
						<control type="label">
							<left>100</left>
							<width>186</width>
							<height>$PARAM[ItemHeight]</height>
							<font>Black-22</font>
							<textcolor>$VAR[color:Accent]</textcolor>
							<selectedcolor>$VAR[color:Accent]</selectedcolor>
							<label>$INFO[ListItem.ChannelNumberLabel,, ]$INFO[ListItem.ChannelName]</label>
						</control>
					</focusedchannellayout>

					<!-- Item layout -->
					<itemlayout width="$PARAM[ItemWidth]" height="$PARAM[ItemHeight]">
						<control type="image" id="2">
							<left>10</left>
							<width>$PARAM[ItemTextureWidth]</width>
							<height>$PARAM[ItemTextureHeight]</height>
							<texture fallback="pvr/genres/0.png" border="5">$INFO[ListItem.Property(GenreType),pvr/genres/,.png]</texture>
						</control>
						<control type="label" id="1">
							<left>32</left>
							<top>12</top>
							<height>40</height>
							<font>Black-22</font>
							<textcolor>$VAR[color:Accent]</textcolor>
							<label>$INFO[ListItem.Label]</label>
						</control>
						<control type="label" id="3">
							<left>32</left>
							<bottom>22</bottom>
							<width>30</width>
							<height>20</height>
							<label>$VAR[pvr:GuideLabel2]</label>
							<font>Regular-18</font>
							<textcolor>$VAR[color:Accent]</textcolor>
						</control>
						<control type="image" id="12">
							<left>10</left>
							<bottom>2</bottom>
							<width>$PARAM[ItemTextureWidth]</width>
							<height>12</height>
							<texture colordiffuse="ffd50000">colorize/95.png</texture>
							<aspectratio>stretch</aspectratio>
							<visible>ListItem.HasTimer</visible>
						</control>
					</itemlayout>
					<focusedlayout width="$PARAM[ItemWidth]" height="$PARAM[ItemHeight]">
						<control type="image" id="2">
							<left>10</left>
							<width>$PARAM[ItemTextureWidth]</width>
							<height>$PARAM[ItemTextureHeight]</height>
							<texture fallback="pvr/genres/0.png" border="5">$INFO[ListItem.Property(GenreType),pvr/genres/,.png]</texture>
							<bordertexture>colorize/100.png</bordertexture>
							<bordersize>6</bordersize>
						</control>
						<control type="image" id="12">
							<left>10</left>
							<bottom>2</bottom>
							<width>$PARAM[ItemTextureWidth]</width>
							<height>$PARAM[ItemTextureHeight]</height>
							<texture colordiffuse="ffd50000">pvr/status.png</texture>
							<bordersize>6</bordersize>
							<aspectratio>stretch</aspectratio>
							<visible>ListItem.HasTimer</visible>
						</control>
						<control type="label" id="1">
							<left>32</left>
							<top>12</top>
							<height>40</height>
							<font>Black-22</font>
							<textcolor>$VAR[color:Accent]</textcolor>
							<label>$INFO[ListItem.Label]</label>
						</control>
						<control type="label" id="3">
							<left>32</left>
							<bottom>22</bottom>
							<width>30</width>
							<height>20</height>
							<label>$VAR[pvr:GuideLabel2]</label>
							<font>Regular-18</font>
							<textcolor>$VAR[color:Accent]</textcolor>
						</control>
					</focusedlayout>
				</control>

				<!-- Information -->
				<control type="group">
					<left>314</left>
					<top>767</top>
					<control type="grouplist">	
						<width>1664</width>
						<height>180</height>
						<orientation>vertical</orientation>
						<control type="label">
							<width>1664</width>
							<label fallback="19055">$INFO[ListItem.Label]</label>
							<height>45</height>
							<font>Black-28</font>
							<aligny>center</aligny>
							<textcolor>$VAR[color:Accent]</textcolor>
						</control>
						<control type="label">
							<height>45</height>
							<width>1354</width>
							<label>$INFO[ListItem.StartTime,, - ]$INFO[ListItem.EndTime,,  |  ]$INFO[ListItem.StartDate,,  |  ]$INFO[ListItem.Genre]</label>
							<font>Regular-22</font>
							<textcolor>$VAR[color:Text.2]</textcolor>
							<aligny>top</aligny>
						</control>
						<control type="textbox">
							<height>50</height>
							<width>1040</width>
							<label>$VAR[media:Description]</label>
							<font>Slab-24</font>
							<textcolor>$VAR[color:Text.3]</textcolor>
							<aligny>top</aligny>
						</control>
					</control>
				</control>
			</control>
		</definition>
	</include>
</includes>